<?xml version="1.0"?>
<!--
Licensed to the Apache Software Foundation (ASF) under one or more
contributor license agreements.  See the NOTICE file distributed with
this work for additional information regarding copyright ownership.
The ASF licenses this file to You under the Apache License, Version 2.0
(the "License"); you may not use this file except in compliance with
the License.  You may obtain a copy of the License at

     http://www.apache.org/licenses/LICENSE-2.0

Unless required by applicable law or agreed to in writing, software
distributed under the License is distributed on an "AS IS" BASIS,
WITHOUT WARRANTIES OR CONDITIONS OF ANY KIND, either express or implied.
See the License for the specific language governing permissions and
limitations under the License.
-->
<document>
 <properties>
  <title>Building Commons JEXL</title>
  <author email="dev@commons.apache.org">Apache Commons Documentation Team</author>
 </properties>
<body>
<!-- ================================================== -->
<section name="Overview">
<p>
  Apache Commons JEXL uses <a href="http://maven.apache.org">Maven 3</a>. The source is
  <a href="https://gitbox.apache.org/repos/asf/commons-jexl.git">here</a>.
</p>
</section>
<!-- ================================================== -->
<section name="Maven Goals">
The following goals are available.
<ul>
<li>mvn clean - clean up</li>
<li>mvn test - compile and run the unit tests</li>
<li>mvn site - create the documentation</li>
<li>mvn package - build the jar</li>
<li>mvn install - build the jar and install in local maven repository</li>
</ul>
</section>
</body>
</document>
