<!--
   Licensed to the Apache Software Foundation (ASF) under one or more
   contributor license agreements.  See the NOTICE file distributed with
   this work for additional information regarding copyright ownership.
   The ASF licenses this file to You under the Apache License, Version 2.0
   (the "License"); you may not use this file except in compliance with
   the License.  You may obtain a copy of the License at

       http://www.apache.org/licenses/LICENSE-2.0

   Unless required by applicable law or agreed to in writing, software
   distributed under the License is distributed on an "AS IS" BASIS,
   WITHOUT WARRANTIES OR CONDITIONS OF ANY KIND, either express or implied.
   See the License for the specific language governing permissions and
   limitations under the License.
-->
<FindBugsFilter
        xmlns="https://github.com/spotbugs/filter/3.0.0"
        xmlns:xsi="http://www.w3.org/2001/XMLSchema-instance"
        xsi:schemaLocation="https://github.com/spotbugs/filter/3.0.0 https://raw.githubusercontent.com/spotbugs/spotbugs/3.1.0/spotbugs/etc/findbugsfilter.xsd">


  <!-- Deliberate switch statement fall-through. -->
  <Match>
    <Class name="org.apache.commons.csv.CSVPrinter" />
    <Method name="printComment" />
    <Bug code="SF" />
  </Match>

  <!-- A format is immutable. -->
  <Match>
    <Class name="org.apache.commons.csv.CSVFormat$Predefined" />
    <Method name="getFormat" />
    <Bug pattern="EI_EXPOSE_REP"/>
  </Match>
  
  <!-- Should not have called this method iterator() since it returns the current iterator and not a new one. -->
  <Match>
    <Class name="org.apache.commons.csv.CSVParser" />
    <Method name="iterator" />
    <Bug pattern="EI_EXPOSE_REP"/>
  </Match>
  
  <!-- Could make package private in the next major version. -->
  <Match>
    <Class name="org.apache.commons.csv.CSVRecord" />
    <Method name="getParser" />
    <Bug pattern="EI_EXPOSE_REP"/>
  </Match>
  
</FindBugsFilter>
